<?xml version="1.0" encoding="utf-8"?>
<eml:eml xmlns:eml="https://eml.ecoinformatics.org/eml-2.2.0" xmlns:xsi="http://www.w3.org/2001/XMLSchema-instance"
         xsi:schemaLocation="https://eml.ecoinformatics.org/eml-2.2.0 https://rs.gbif.org/schema/eml-gbif-profile/1.3/eml.xsd"
packageId="7370ee9d-16be-4488-bf8b-32bbcf295861"  system="http://gbif.org" scope="system"
xml:lang="en">
    <dataset>
        <title>GBIF Occurrence Download 0086127-250717081556266</title>
        <creator>
            <individualName>
                <surName>GBIF Download Service</surName>
            </individualName>
            <electronicMailAddress>support@gbif.org</electronicMailAddress>
        </creator>
        <metadataProvider>
            <individualName>
                <surName>GBIF Download Service</surName>
            </individualName>
            <electronicMailAddress>support@gbif.org</electronicMailAddress>
        </metadataProvider>
        <pubDate>
                2025-08-01
        </pubDate>
        <language>ENGLISH</language>
        <abstract>
            A dataset containing all occurrences available in GBIF matching the query:
{
  "and" : [
    "Country is Kazakhstan",
    "OccurrenceStatus is Present",
    "TaxonKey is Araneae"
  ]
}
The dataset includes records from the following constituent datasets. The full metadata for each constituent is also included in this archive:
20 records from International Barcode of Life project (iBOL)
2 records from Museum of Southwestern Biology, Division of Arthropods
7 records from A survey of the East Palaearctic Gnaphosidae (Araneae). 12. A review of Sidydrassus Esyunin &amp; Tuneva, 2002
26 records from A revision of the spider genus Zaitunia (Araneae, Filistatidae)
5 records from A revision of the spider genus Raveniola (Araneae, Nemesiidae). II. Species from Central Asia
1 records from NABU|naturgucker
12 records from srli_global_araneae
8 records from INSDC Sequences
60 records from Collection Arachnology SMF
3 records from Notes on the spider genus Segestria Latreille, 1804 (Araneae: Segestriidae) in the East Palaearctic with description of three new species
2 records from Paleobiology Database
1 records from Observation.org, Nature data from around the World
3 records from A new species of spiders of the genus Zelotes Gistel, 1848 (Aranei: Gnaphosidae) from the North-East Pre-Caspian region
12 records from Arachnida and Myriapoda (Luomus)
3 records from New taxonomic considerations in Zodariellum Andreeva &amp; Tyshchenko, 1968 (Araneae: Zodariidae), with notes on the presence of cymbial diverticulum in different zodariid genera
1 records from Redescription of the Siberian species Pardosa jeniseica (Araneae: Lycosidae)
11 records from MIZ PAS Zoological Collections
4 records from Revision of the huntsman spider genus Micrommata Latreille, 1804 (Sparassidae Sparassinae)
1 records from Revisions of Holocnemus and Crossopriza: the spotted-leg clade of Smeringopinae (Araneae, Pholcidae)
3913 records from iNaturalist Research-grade Observations
2 records from A new genus of Oecobiinae (Araneae: Oecobiidae) from Iran and Central Asia
19 records from Karakumosa gen. nov., a new Central Asian genus of fossorial wolf spiders (Araneae: Lycosidae: Lycosinae)

        </abstract>
        <contact>
            <individualName>
                <surName>GBIF Download Service</surName>
            </individualName>
            <electronicMailAddress>support@gbif.org</electronicMailAddress>
        </contact>

    </dataset>

    <additionalMetadata>
        <metadata>
            <gbif>
                <dateStamp>2025-08-01T12:43:41Z</dateStamp>
                <citation identifier="0086127-250717081556266">GBIF Occurrence Download 0086127-250717081556266</citation>
                <physical>
                    <objectName>Darwin Core Archive</objectName>
                    <characterEncoding>UTF-8</characterEncoding>
                    <dataFormat>
                        <externallyDefinedFormat>
                            <formatName>Darwin Core Archive</formatName>
                        </externallyDefinedFormat>
                    </dataFormat>
                    <distribution>
                        <online>
                            <url function="download">https://api.gbif.org/v1/occurrence/download/request/0086127-250717081556266.zip</url>
                        </online>
                    </distribution>
                </physical>
            </gbif>
        </metadata>
    </additionalMetadata>
    </eml:eml>
