<?xml version="1.0" encoding="utf-8"?>
<eml:eml xmlns:eml="https://eml.ecoinformatics.org/eml-2.2.0" xmlns:xsi="http://www.w3.org/2001/XMLSchema-instance"
         xsi:schemaLocation="https://eml.ecoinformatics.org/eml-2.2.0 https://rs.gbif.org/schema/eml-gbif-profile/1.3/eml.xsd"
packageId="0647b761-1496-4dcd-abb6-495b67abe85f"  system="http://gbif.org" scope="system"
xml:lang="en">
    <dataset>
        <alternateIdentifier>10.15468/evhded</alternateIdentifier>
        <alternateIdentifier>304964</alternateIdentifier>
        <alternateIdentifier>FF91CF5B552AFFBAFFEFE72AFFB2CE5B</alternateIdentifier>
        <title>A revision of the spider genus Raveniola (Araneae, Nemesiidae). II. Species from Central Asia</title>
        <creator>
            <individualName>
                <givenName>Sergei L.</givenName>
                <surName>Zonstein</surName>
            </individualName>
        </creator>
        <metadataProvider>
            <individualName>
                <surName>plazi</surName>
            </individualName>
            <organizationName>Plazi</organizationName>
        </metadataProvider>
        <associatedParty>
            <organizationName>Plazi</organizationName>
            <address>
                <city>Bern</city>
                <country>SWITZERLAND</country>
            </address>
            <electronicMailAddress>info@plazi.org</electronicMailAddress>
            <onlineUrl>https://plazi.org/</onlineUrl>
            <role>PUBLISHER</role>
        </associatedParty>
        <pubDate>
                2024-10-24
        </pubDate>
        <language>ENGLISH</language>
        <abstract>
            <para>This dataset contains the digitized treatments in Plazi based on the original journal article Zonstein, Sergei L. (2024): A revision of the spider genus Raveniola (Araneae, Nemesiidae). II. Species from Central Asia. European Journal of Taxonomy 967: 1-185, DOI: 10.5852/ejt.2024.967.2699, URL: https://europeanjournaloftaxonomy.eu/index.php/ejt/article/download/2699/12459</para>
        </abstract>
        <intellectualRights>
            <para>To the extent possible under law, the publisher has waived all rights to these data and has dedicated them to the <ulink url="http://creativecommons.org/publicdomain/zero/1.0/legalcode"><citetitle>Public Domain (CC0 1.0)</citetitle></ulink>. Users may copy, modify, distribute and use the work, including for commercial purposes, without restriction.</para>
        </intellectualRights>
        <licensed>
            <licenseName>Creative Commons Zero v1.0 Universal</licenseName>
            <url>https://spdx.org/licenses/CC0-1.0.html</url>
            <identifier>CC0-1.0</identifier>
        </licensed>
        <distribution scope="document">
            <online>
                <url function="information">https://tb.plazi.org/GgServer/summary/FF91CF5B552AFFBAFFEFE72AFFB2CE5B</url>
            </online>
        </distribution>
        <distribution scope="document">
            <online>
                <url function="download">https://tb.plazi.org/GgServer/dwca/FF91CF5B552AFFBAFFEFE72AFFB2CE5B.zip</url>
            </online>
        </distribution>
        <contact>
            <individualName>
                <givenName>Guido</givenName>
                <surName>Sautter</surName>
            </individualName>
            <electronicMailAddress>sautter@plazi.org</electronicMailAddress>
            <onlineUrl>https://plazi.org</onlineUrl>
        </contact>

    </dataset>

    <additionalMetadata>
        <metadata>
            <gbif>
                <dateStamp>2025-08-01T12:43:40Z</dateStamp>
                <citation>Zonstein S L, plazi (2024). A revision of the spider genus Raveniola (Araneae, Nemesiidae). II. Species from Central Asia. European Journal of Taxonomy. Checklist dataset https://doi.org/10.15468/evhded accessed via GBIF.org on 2025-08-01.</citation>
                <bibliography>
                <citation>Zonstein, Sergei L. (2024): A revision of the spider genus Raveniola (Araneae, Nemesiidae). II. Species from Central Asia. European Journal of Taxonomy 967: 1-185, DOI: 10.5852/ejt.2024.967.2699, URL: https://europeanjournaloftaxonomy.eu/index.php/ejt/article/download/2699/12459</citation>
                </bibliography>
            </gbif>
        </metadata>
    </additionalMetadata>
    </eml:eml>
