<?xml version="1.0" encoding="utf-8"?>
<eml:eml xmlns:eml="https://eml.ecoinformatics.org/eml-2.2.0" xmlns:xsi="http://www.w3.org/2001/XMLSchema-instance"
         xsi:schemaLocation="https://eml.ecoinformatics.org/eml-2.2.0 https://rs.gbif.org/schema/eml-gbif-profile/1.3/eml.xsd"
packageId="0e9cc441-e337-4aca-bf79-d6335e798e0e"  system="http://gbif.org" scope="system"
xml:lang="en">
    <dataset>
        <alternateIdentifier>10.15468/an2zhq</alternateIdentifier>
        <alternateIdentifier>118433</alternateIdentifier>
        <alternateIdentifier>1144FFEFFF943F46FFBE250E69008129</alternateIdentifier>
        <title>Karakumosa gen. nov., a new Central Asian genus of fossorial wolf spiders (Araneae: Lycosidae: Lycosinae)</title>
        <creator>
            <individualName>
                <givenName>Dmitri V.</givenName>
                <surName>Logunov</surName>
            </individualName>
        </creator>
        <creator>
            <individualName>
                <givenName>Alexander V.</givenName>
                <surName>Ponomarev</surName>
            </individualName>
        </creator>
        <metadataProvider>
            <individualName>
                <surName>carolina</surName>
            </individualName>
            <organizationName>Plazi</organizationName>
        </metadataProvider>
        <associatedParty>
            <organizationName>Plazi</organizationName>
            <address>
                <city>Bern</city>
                <country>SWITZERLAND</country>
            </address>
            <electronicMailAddress>info@plazi.org</electronicMailAddress>
            <onlineUrl>https://plazi.org/</onlineUrl>
            <role>PUBLISHER</role>
        </associatedParty>
        <pubDate>
                2020-12-31
        </pubDate>
        <language>ENGLISH</language>
        <abstract>
            <para>This dataset contains the digitized treatments in Plazi based on the original journal article Logunov, Dmitri V., Ponomarev, Alexander V. (2020): Karakumosa gen. nov., a new Central Asian genus of fossorial wolf spiders (Araneae: Lycosidae: Lycosinae). Revue suisse de Zoologie 127 (2): 275-313, DOI: 10.35929/RSZ.0021</para>
        </abstract>
        <intellectualRights>
            <para>To the extent possible under law, the publisher has waived all rights to these data and has dedicated them to the <ulink url="http://creativecommons.org/publicdomain/zero/1.0/legalcode"><citetitle>Public Domain (CC0 1.0)</citetitle></ulink>. Users may copy, modify, distribute and use the work, including for commercial purposes, without restriction.</para>
        </intellectualRights>
        <licensed>
            <licenseName>Creative Commons Zero v1.0 Universal</licenseName>
            <url>https://spdx.org/licenses/CC0-1.0.html</url>
            <identifier>CC0-1.0</identifier>
        </licensed>
        <distribution scope="document">
            <online>
                <url function="information">https://tb.plazi.org/GgServer/summary/1144FFEFFF943F46FFBE250E69008129</url>
            </online>
        </distribution>
        <distribution scope="document">
            <online>
                <url function="download">https://tb.plazi.org/GgServer/dwca/1144FFEFFF943F46FFBE250E69008129.zip</url>
            </online>
        </distribution>
        <contact>
            <individualName>
                <givenName>Guido</givenName>
                <surName>Sautter</surName>
            </individualName>
            <electronicMailAddress>sautter@plazi.org</electronicMailAddress>
            <onlineUrl>https://plazi.org</onlineUrl>
        </contact>

    </dataset>

    <additionalMetadata>
        <metadata>
            <gbif>
                <dateStamp>2025-08-01T12:43:41Z</dateStamp>
                <citation>Logunov D V, Ponomarev A V, carolina (2020). Karakumosa gen. nov., a new Central Asian genus of fossorial wolf spiders (Araneae: Lycosidae: Lycosinae). Plazi.org taxonomic treatments database. Checklist dataset https://doi.org/10.15468/an2zhq accessed via GBIF.org on 2025-08-01.</citation>
                <bibliography>
                <citation>Logunov, Dmitri V., Ponomarev, Alexander V. (2020): Karakumosa gen. nov., a new Central Asian genus of fossorial wolf spiders (Araneae: Lycosidae: Lycosinae). Revue suisse de Zoologie 127 (2): 275-313, DOI: 10.35929/RSZ.0021</citation>
                </bibliography>
            </gbif>
        </metadata>
    </additionalMetadata>
    </eml:eml>
