<?xml version="1.0" encoding="utf-8"?>
<eml:eml xmlns:eml="https://eml.ecoinformatics.org/eml-2.2.0" xmlns:xsi="http://www.w3.org/2001/XMLSchema-instance"
         xsi:schemaLocation="https://eml.ecoinformatics.org/eml-2.2.0 https://rs.gbif.org/schema/eml-gbif-profile/1.3/eml.xsd"
packageId="6120f0db-2d3a-42e4-bb53-047126773529"  system="http://gbif.org" scope="system"
xml:lang="en">
    <dataset>
        <alternateIdentifier>10.15468/yhs2g3</alternateIdentifier>
        <alternateIdentifier>306043</alternateIdentifier>
        <alternateIdentifier>9B25C01DFFAFFFFBFF97FFAEFF828C52</alternateIdentifier>
        <title>Revisions of Holocnemus and Crossopriza: the spotted-leg clade of Smeringopinae (Araneae, Pholcidae)</title>
        <creator>
            <individualName>
                <givenName>Bernhard A.</givenName>
                <surName>Huber</surName>
            </individualName>
        </creator>
        <metadataProvider>
            <individualName>
                <surName>felipe</surName>
            </individualName>
            <organizationName>Plazi</organizationName>
        </metadataProvider>
        <associatedParty>
            <organizationName>Plazi</organizationName>
            <address>
                <city>Bern</city>
                <country>SWITZERLAND</country>
            </address>
            <electronicMailAddress>info@plazi.org</electronicMailAddress>
            <onlineUrl>https://plazi.org/</onlineUrl>
            <role>PUBLISHER</role>
        </associatedParty>
        <pubDate>
                2022-02-22
        </pubDate>
        <language>ENGLISH</language>
        <abstract>
            <para>This dataset contains the digitized treatments in Plazi based on the original journal article Huber, Bernhard A. (2022): Revisions of Holocnemus and Crossopriza: the spotted-leg clade of Smeringopinae (Araneae, Pholcidae). European Journal of Taxonomy 795 (1): 1-241, DOI: 10.5852/ejt.2022.795.1663, URL: http://dx.doi.org/10.5852/ejt.2022.795.1663</para>
        </abstract>
        <intellectualRights>
            <para>To the extent possible under law, the publisher has waived all rights to these data and has dedicated them to the <ulink url="http://creativecommons.org/publicdomain/zero/1.0/legalcode"><citetitle>Public Domain (CC0 1.0)</citetitle></ulink>. Users may copy, modify, distribute and use the work, including for commercial purposes, without restriction.</para>
        </intellectualRights>
        <licensed>
            <licenseName>Creative Commons Zero v1.0 Universal</licenseName>
            <url>https://spdx.org/licenses/CC0-1.0.html</url>
            <identifier>CC0-1.0</identifier>
        </licensed>
        <distribution scope="document">
            <online>
                <url function="information">https://tb.plazi.org/GgServer/summary/9B25C01DFFAFFFFBFF97FFAEFF828C52</url>
            </online>
        </distribution>
        <distribution scope="document">
            <online>
                <url function="download">https://tb.plazi.org/GgServer/dwca/9B25C01DFFAFFFFBFF97FFAEFF828C52.zip</url>
            </online>
        </distribution>
        <contact>
            <individualName>
                <givenName>Guido</givenName>
                <surName>Sautter</surName>
            </individualName>
            <electronicMailAddress>sautter@plazi.org</electronicMailAddress>
            <onlineUrl>https://plazi.org</onlineUrl>
        </contact>

    </dataset>

    <additionalMetadata>
        <metadata>
            <gbif>
                <dateStamp>2025-08-01T12:43:41Z</dateStamp>
                <citation>Huber B A, felipe (2022). Revisions of Holocnemus and Crossopriza: the spotted-leg clade of Smeringopinae (Araneae, Pholcidae). European Journal of Taxonomy. Checklist dataset https://doi.org/10.15468/yhs2g3 accessed via GBIF.org on 2025-08-01.</citation>
                <bibliography>
                <citation>Huber, Bernhard A. (2022): Revisions of Holocnemus and Crossopriza: the spotted-leg clade of Smeringopinae (Araneae, Pholcidae). European Journal of Taxonomy 795 (1): 1-241, DOI: 10.5852/ejt.2022.795.1663, URL: http://dx.doi.org/10.5852/ejt.2022.795.1663</citation>
                </bibliography>
            </gbif>
        </metadata>
    </additionalMetadata>
    </eml:eml>
