<?xml version="1.0" encoding="utf-8"?>
<eml:eml xmlns:eml="https://eml.ecoinformatics.org/eml-2.2.0" xmlns:xsi="http://www.w3.org/2001/XMLSchema-instance"
         xsi:schemaLocation="https://eml.ecoinformatics.org/eml-2.2.0 https://rs.gbif.org/schema/eml-gbif-profile/1.3/eml.xsd"
packageId="72f5400a-d642-4d8e-94bf-e82318daf384"  system="http://gbif.org" scope="system"
xml:lang="en">
    <dataset>
        <alternateIdentifier>10.15468/rnxcb4</alternateIdentifier>
        <alternateIdentifier>276817</alternateIdentifier>
        <alternateIdentifier>8A50FFF0FFADE315FFFBFFEF40132F46</alternateIdentifier>
        <title>New taxonomic considerations in Zodariellum Andreeva &amp; Tyshchenko, 1968 (Araneae: Zodariidae), with notes on the presence of cymbial diverticulum in different zodariid genera</title>
        <creator>
            <individualName>
                <givenName>Alireza</givenName>
                <surName>Zamani</surName>
            </individualName>
        </creator>
        <creator>
            <individualName>
                <givenName>Yuri M.</givenName>
                <surName>Marusik</surName>
            </individualName>
        </creator>
        <metadataProvider>
            <individualName>
                <surName>plazi</surName>
            </individualName>
            <organizationName>Plazi</organizationName>
        </metadataProvider>
        <associatedParty>
            <organizationName>Magnolia Press</organizationName>
            <address>
                <deliveryPoint>St. Lukes 1346</deliveryPoint>
                <city>Auckland</city>
                <country>NEW_ZEALAND</country>
            </address>
            <electronicMailAddress>magnolia@mapress.com</electronicMailAddress>
            <onlineUrl>https://www.mapress.com/</onlineUrl>
            <role>PUBLISHER</role>
        </associatedParty>
        <associatedParty>
            <organizationName>Plazi</organizationName>
            <address>
                <city>Bern</city>
                <country>SWITZERLAND</country>
            </address>
            <electronicMailAddress>info@plazi.org</electronicMailAddress>
            <onlineUrl>https://plazi.org/</onlineUrl>
            <role>DISTRIBUTOR</role>
        </associatedParty>
        <pubDate>
                2022-08-25
        </pubDate>
        <language>ENGLISH</language>
        <abstract>
            <para>This dataset contains the digitized treatments in Plazi based on the original journal article Zamani, Alireza, Marusik, Yuri M. (2022): New taxonomic considerations in Zodariellum Andreeva &amp; Tyshchenko, 1968 (Araneae: Zodariidae), with notes on the presence of cymbial diverticulum in different zodariid genera. Zootaxa 5178 (2): 161-177, DOI: 10.11646/zootaxa.5178.2.3</para>
        </abstract>
        <intellectualRights>
            <para>To the extent possible under law, the publisher has waived all rights to these data and has dedicated them to the <ulink url="http://creativecommons.org/publicdomain/zero/1.0/legalcode"><citetitle>Public Domain (CC0 1.0)</citetitle></ulink>. Users may copy, modify, distribute and use the work, including for commercial purposes, without restriction.</para>
        </intellectualRights>
        <licensed>
            <licenseName>Creative Commons Zero v1.0 Universal</licenseName>
            <url>https://spdx.org/licenses/CC0-1.0.html</url>
            <identifier>CC0-1.0</identifier>
        </licensed>
        <distribution scope="document">
            <online>
                <url function="information">https://tb.plazi.org/GgServer/summary/8A50FFF0FFADE315FFFBFFEF40132F46</url>
            </online>
        </distribution>
        <distribution scope="document">
            <online>
                <url function="download">https://tb.plazi.org/GgServer/dwca/8A50FFF0FFADE315FFFBFFEF40132F46.zip</url>
            </online>
        </distribution>
        <contact>
            <individualName>
                <givenName>Guido</givenName>
                <surName>Sautter</surName>
            </individualName>
            <electronicMailAddress>sautter@plazi.org</electronicMailAddress>
            <onlineUrl>https://plazi.org</onlineUrl>
        </contact>

    </dataset>

    <additionalMetadata>
        <metadata>
            <gbif>
                <dateStamp>2025-08-01T12:43:41Z</dateStamp>
                <citation>Zamani A, Marusik Y M, plazi (2022). New taxonomic considerations in Zodariellum Andreeva &amp; Tyshchenko, 1968 (Araneae: Zodariidae), with notes on the presence of cymbial diverticulum in different zodariid genera. Plazi.org taxonomic treatments database. Checklist dataset https://doi.org/10.15468/rnxcb4 accessed via GBIF.org on 2025-08-01.</citation>
                <bibliography>
                <citation>Zamani, Alireza, Marusik, Yuri M. (2022): New taxonomic considerations in Zodariellum Andreeva &amp; Tyshchenko, 1968 (Araneae: Zodariidae), with notes on the presence of cymbial diverticulum in different zodariid genera. Zootaxa 5178 (2): 161-177, DOI: 10.11646/zootaxa.5178.2.3</citation>
                </bibliography>
            </gbif>
        </metadata>
    </additionalMetadata>
    </eml:eml>
