<?xml version="1.0" encoding="utf-8"?>
<eml:eml xmlns:eml="https://eml.ecoinformatics.org/eml-2.2.0" xmlns:xsi="http://www.w3.org/2001/XMLSchema-instance"
         xsi:schemaLocation="https://eml.ecoinformatics.org/eml-2.2.0 https://rs.gbif.org/schema/eml-gbif-profile/1.3/eml.xsd"
packageId="91fa1718-fcf8-4b6b-abfa-371425a9b22e"  system="http://gbif.org" scope="system"
xml:lang="en">
    <dataset>
        <alternateIdentifier>10.15468/v6c774</alternateIdentifier>
        <alternateIdentifier>270804</alternateIdentifier>
        <alternateIdentifier>FF89FFC3FFA8C32A5259FF95717B4D02</alternateIdentifier>
        <title>Revision of the huntsman spider genus Micrommata Latreille, 1804 (Sparassidae Sparassinae)</title>
        <creator>
            <individualName>
                <givenName>Peter</givenName>
                <surName>Jäger</surName>
            </individualName>
        </creator>
        <metadataProvider>
            <individualName>
                <surName>plazi</surName>
            </individualName>
            <organizationName>Plazi</organizationName>
        </metadataProvider>
        <associatedParty>
            <organizationName>Magnolia Press</organizationName>
            <address>
                <deliveryPoint>St. Lukes 1346</deliveryPoint>
                <city>Auckland</city>
                <country>NEW_ZEALAND</country>
            </address>
            <electronicMailAddress>magnolia@mapress.com</electronicMailAddress>
            <onlineUrl>https://www.mapress.com/</onlineUrl>
            <role>PUBLISHER</role>
        </associatedParty>
        <associatedParty>
            <organizationName>Plazi</organizationName>
            <address>
                <city>Bern</city>
                <country>SWITZERLAND</country>
            </address>
            <electronicMailAddress>info@plazi.org</electronicMailAddress>
            <onlineUrl>https://plazi.org/</onlineUrl>
            <role>DISTRIBUTOR</role>
        </associatedParty>
        <pubDate>
                2023-10-02
        </pubDate>
        <language>ENGLISH</language>
        <abstract>
            <para>This dataset contains the digitized treatments in Plazi based on the original journal article Jäger, Peter (2023): Revision of the huntsman spider genus Micrommata Latreille, 1804 (Sparassidae Sparassinae). Zootaxa 5352 (1): 1-45, DOI: 10.11646/zootaxa.5352.1.1, URL: http://dx.doi.org/10.11646/zootaxa.5352.1.1</para>
        </abstract>
        <intellectualRights>
            <para>To the extent possible under law, the publisher has waived all rights to these data and has dedicated them to the <ulink url="http://creativecommons.org/publicdomain/zero/1.0/legalcode"><citetitle>Public Domain (CC0 1.0)</citetitle></ulink>. Users may copy, modify, distribute and use the work, including for commercial purposes, without restriction.</para>
        </intellectualRights>
        <licensed>
            <licenseName>Creative Commons Zero v1.0 Universal</licenseName>
            <url>https://spdx.org/licenses/CC0-1.0.html</url>
            <identifier>CC0-1.0</identifier>
        </licensed>
        <distribution scope="document">
            <online>
                <url function="information">https://tb.plazi.org/GgServer/summary/FF89FFC3FFA8C32A5259FF95717B4D02</url>
            </online>
        </distribution>
        <distribution scope="document">
            <online>
                <url function="download">https://tb.plazi.org/GgServer/dwca/FF89FFC3FFA8C32A5259FF95717B4D02.zip</url>
            </online>
        </distribution>
        <contact>
            <individualName>
                <givenName>Guido</givenName>
                <surName>Sautter</surName>
            </individualName>
            <electronicMailAddress>sautter@plazi.org</electronicMailAddress>
            <onlineUrl>https://plazi.org</onlineUrl>
        </contact>

    </dataset>

    <additionalMetadata>
        <metadata>
            <gbif>
                <dateStamp>2025-08-01T12:43:41Z</dateStamp>
                <citation>Jäger P, plazi (2023). Revision of the huntsman spider genus Micrommata Latreille, 1804 (Sparassidae Sparassinae). Plazi.org taxonomic treatments database. Checklist dataset https://doi.org/10.15468/v6c774 accessed via GBIF.org on 2025-08-01.</citation>
                <bibliography>
                <citation>Jäger, Peter (2023): Revision of the huntsman spider genus Micrommata Latreille, 1804 (Sparassidae Sparassinae). Zootaxa 5352 (1): 1-45, DOI: 10.11646/zootaxa.5352.1.1, URL: http://dx.doi.org/10.11646/zootaxa.5352.1.1</citation>
                </bibliography>
            </gbif>
        </metadata>
    </additionalMetadata>
    </eml:eml>
