<?xml version="1.0" encoding="utf-8"?>
<eml:eml xmlns:eml="https://eml.ecoinformatics.org/eml-2.2.0" xmlns:xsi="http://www.w3.org/2001/XMLSchema-instance"
         xsi:schemaLocation="https://eml.ecoinformatics.org/eml-2.2.0 https://rs.gbif.org/schema/eml-gbif-profile/1.3/eml.xsd"
packageId="a2d497c6-5ab2-4ec1-b881-86a094560923"  system="http://gbif.org" scope="system"
xml:lang="en">
    <dataset>
        <alternateIdentifier>10.11646/zootaxa.4497.1.9</alternateIdentifier>
        <alternateIdentifier>29230</alternateIdentifier>
        <alternateIdentifier>10.15468/ofgcux</alternateIdentifier>
        <alternateIdentifier>A3574098-4B56-489D-B873-DBF740419D2A</alternateIdentifier>
        <alternateIdentifier>CB47AF77FFE98B6654073A0AFF91FFAF</alternateIdentifier>
        <title>Redescription of the Siberian species Pardosa jeniseica (Araneae: Lycosidae)</title>
        <creator>
            <individualName>
                <givenName>Yuri M.</givenName>
                <surName>Marusik</surName>
            </individualName>
        </creator>
        <metadataProvider>
            <individualName>
                <surName>plazi</surName>
            </individualName>
            <organizationName>Plazi</organizationName>
        </metadataProvider>
        <associatedParty>
            <organizationName>Magnolia Press</organizationName>
            <address>
                <deliveryPoint>St. Lukes 1346</deliveryPoint>
                <city>Auckland</city>
                <country>NEW_ZEALAND</country>
            </address>
            <electronicMailAddress>magnolia@mapress.com</electronicMailAddress>
            <onlineUrl>https://www.mapress.com/</onlineUrl>
            <role>PUBLISHER</role>
        </associatedParty>
        <associatedParty>
            <organizationName>Plazi</organizationName>
            <address>
                <city>Bern</city>
                <country>SWITZERLAND</country>
            </address>
            <electronicMailAddress>info@plazi.org</electronicMailAddress>
            <onlineUrl>https://plazi.org/</onlineUrl>
            <role>DISTRIBUTOR</role>
        </associatedParty>
        <pubDate>
                2018-10-08
        </pubDate>
        <language>ENGLISH</language>
        <abstract>
            <para>This dataset contains the digitized treatments in Plazi based on the original journal article Marusik, Yuri M. (2018): Redescription of the Siberian species Pardosa jeniseica (Araneae: Lycosidae). Zootaxa 4497 (1): 141-144, DOI: 10.11646/zootaxa.4497.1.9</para>
        </abstract>
        <intellectualRights>
            <para>To the extent possible under law, the publisher has waived all rights to these data and has dedicated them to the <ulink url="http://creativecommons.org/publicdomain/zero/1.0/legalcode"><citetitle>Public Domain (CC0 1.0)</citetitle></ulink>. Users may copy, modify, distribute and use the work, including for commercial purposes, without restriction.</para>
        </intellectualRights>
        <licensed>
            <licenseName>Creative Commons Zero v1.0 Universal</licenseName>
            <url>https://spdx.org/licenses/CC0-1.0.html</url>
            <identifier>CC0-1.0</identifier>
        </licensed>
        <distribution scope="document">
            <online>
                <url function="information">https://tb.plazi.org/GgServer/summary/CB47AF77FFE98B6654073A0AFF91FFAF</url>
            </online>
        </distribution>
        <distribution scope="document">
            <online>
                <url function="download">https://tb.plazi.org/GgServer/dwca/CB47AF77FFE98B6654073A0AFF91FFAF.zip</url>
            </online>
        </distribution>
        <contact>
            <individualName>
                <givenName>Guido</givenName>
                <surName>Sautter</surName>
            </individualName>
            <electronicMailAddress>sautter@plazi.org</electronicMailAddress>
            <onlineUrl>https://plazi.org</onlineUrl>
        </contact>

    </dataset>

    <additionalMetadata>
        <metadata>
            <gbif>
                <dateStamp>2025-08-01T12:43:41Z</dateStamp>
                <citation>Marusik Y M, plazi (2018). Redescription of the Siberian species Pardosa jeniseica (Araneae: Lycosidae). Plazi.org taxonomic treatments database. Checklist dataset https://doi.org/10.11646/zootaxa.4497.1.9 accessed via GBIF.org on 2025-08-01.</citation>
                <bibliography>
                <citation>Marusik, Yuri M. (2018): Redescription of the Siberian species Pardosa jeniseica (Araneae: Lycosidae). Zootaxa 4497 (1): 141-144, DOI: 10.11646/zootaxa.4497.1.9</citation>
                </bibliography>
            </gbif>
        </metadata>
    </additionalMetadata>
    </eml:eml>
