<?xml version="1.0" encoding="utf-8"?>
<eml:eml xmlns:eml="https://eml.ecoinformatics.org/eml-2.2.0" xmlns:xsi="http://www.w3.org/2001/XMLSchema-instance"
         xsi:schemaLocation="https://eml.ecoinformatics.org/eml-2.2.0 https://rs.gbif.org/schema/eml-gbif-profile/1.3/eml.xsd"
packageId="ada0db9b-6946-405d-b478-ef2882990f19"  system="http://gbif.org" scope="system"
xml:lang="en">
    <dataset>
        <alternateIdentifier>10.15468/w2d5hr</alternateIdentifier>
        <alternateIdentifier>55084</alternateIdentifier>
        <alternateIdentifier>FF9DFFA4FF9CFFD1AE30FFF6FFECFF8E</alternateIdentifier>
        <title>A new species of spiders of the genus Zelotes Gistel, 1848 (Aranei: Gnaphosidae) from the North-East Pre-Caspian region</title>
        <creator>
            <individualName>
                <givenName>Ponomarev</givenName>
                <surName>A. V.</surName>
            </individualName>
        </creator>
        <metadataProvider>
            <individualName>
                <surName>felipe</surName>
            </individualName>
            <organizationName>Plazi</organizationName>
        </metadataProvider>
        <associatedParty>
            <organizationName>Plazi</organizationName>
            <address>
                <city>Bern</city>
                <country>SWITZERLAND</country>
            </address>
            <electronicMailAddress>info@plazi.org</electronicMailAddress>
            <onlineUrl>https://plazi.org/</onlineUrl>
            <role>PUBLISHER</role>
        </associatedParty>
        <pubDate>
                2018-12-31
        </pubDate>
        <language>ENGLISH</language>
        <abstract>
            <para>This dataset contains the digitized treatments in Plazi based on the original journal article A. V., Ponomarev (2018): A new species of spiders of the genus Zelotes Gistel, 1848 (Aranei: Gnaphosidae) from the North-East Pre-Caspian region. Caucasian Entomological Bulletin (Caucas. entomol. bull.) 14 (1): 3-5, DOI: 10.23885/1814-3326-2018-14-1-3-5, URL: http://dx.doi.org/10.23885/1814-3326-2018-14-1-3-5</para>
        </abstract>
        <intellectualRights>
            <para>To the extent possible under law, the publisher has waived all rights to these data and has dedicated them to the <ulink url="http://creativecommons.org/publicdomain/zero/1.0/legalcode"><citetitle>Public Domain (CC0 1.0)</citetitle></ulink>. Users may copy, modify, distribute and use the work, including for commercial purposes, without restriction.</para>
        </intellectualRights>
        <licensed>
            <licenseName>Creative Commons Zero v1.0 Universal</licenseName>
            <url>https://spdx.org/licenses/CC0-1.0.html</url>
            <identifier>CC0-1.0</identifier>
        </licensed>
        <distribution scope="document">
            <online>
                <url function="information">https://tb.plazi.org/GgServer/summary/FF9DFFA4FF9CFFD1AE30FFF6FFECFF8E</url>
            </online>
        </distribution>
        <distribution scope="document">
            <online>
                <url function="download">https://tb.plazi.org/GgServer/dwca/FF9DFFA4FF9CFFD1AE30FFF6FFECFF8E.zip</url>
            </online>
        </distribution>
        <contact>
            <individualName>
                <givenName>Guido</givenName>
                <surName>Sautter</surName>
            </individualName>
            <electronicMailAddress>sautter@plazi.org</electronicMailAddress>
            <onlineUrl>https://plazi.org</onlineUrl>
        </contact>

    </dataset>

    <additionalMetadata>
        <metadata>
            <gbif>
                <dateStamp>2025-08-01T12:43:40Z</dateStamp>
                <citation>A. V. P, felipe (2018). A new species of spiders of the genus Zelotes Gistel, 1848 (Aranei: Gnaphosidae) from the North-East Pre-Caspian region. Plazi.org taxonomic treatments database. Checklist dataset https://doi.org/10.15468/w2d5hr accessed via GBIF.org on 2025-08-01.</citation>
                <bibliography>
                <citation>A. V., Ponomarev (2018): A new species of spiders of the genus Zelotes Gistel, 1848 (Aranei: Gnaphosidae) from the North-East Pre-Caspian region. Caucasian Entomological Bulletin (Caucas. entomol. bull.) 14 (1): 3-5, DOI: 10.23885/1814-3326-2018-14-1-3-5, URL: http://dx.doi.org/10.23885/1814-3326-2018-14-1-3-5</citation>
                </bibliography>
            </gbif>
        </metadata>
    </additionalMetadata>
    </eml:eml>
