<?xml version="1.0" encoding="utf-8"?>
<eml:eml xmlns:eml="https://eml.ecoinformatics.org/eml-2.2.0" xmlns:xsi="http://www.w3.org/2001/XMLSchema-instance"
         xsi:schemaLocation="https://eml.ecoinformatics.org/eml-2.2.0 https://rs.gbif.org/schema/eml-gbif-profile/1.3/eml.xsd"
packageId="bb5b30b4-827e-4d5e-a86a-825d65cb6583"  system="http://gbif.org" scope="system"
xml:lang="en">
    <dataset>
        <alternateIdentifier>10.15468/jfqhiu</alternateIdentifier>
        <alternateIdentifier>https://ipt.vertnet.org/resource?r=pbdb_paleo</alternateIdentifier>
        <alternateIdentifier>bb5b30b4-827e-4d5e-a86a-825d65cb6583</alternateIdentifier>
        <alternateIdentifier>http://ipt.vertnet.org:8080/ipt/resource?r=pbdb_paleo</alternateIdentifier>
        <title>Paleobiology Database</title>
        <creator>
            <individualName>
                <givenName>Michael</givenName>
                <surName>McClennen</surName>
            </individualName>
            <organizationName>Paleobiology Database</organizationName>
            <positionName>Chief Informaticist</positionName>
            <address>
                <country>UNITED_STATES</country>
            </address>
            <phone>+1-608-262-5366</phone>
            <electronicMailAddress>mmcclenn@geology.wisc.edu</electronicMailAddress>
            <onlineUrl>https://paleobiodb.org</onlineUrl>
        </creator>
        <metadataProvider>
            <individualName>
                <givenName>Julian</givenName>
                <surName>Jenkins</surName>
            </individualName>
            <organizationName>Paleobiology Database</organizationName>
            <positionName>Geoinformaticist/Data Scientist</positionName>
            <address>
                <country>UNITED_STATES</country>
            </address>
            <electronicMailAddress>admin@paleobiodb.org</electronicMailAddress>
            <onlineUrl>https://paleobiodb.org</onlineUrl>
        </metadataProvider>
        <metadataProvider>
            <individualName>
                <givenName>Mark</givenName>
                <surName>Uhen</surName>
            </individualName>
            <organizationName>Paleobiology Database</organizationName>
            <positionName>Executive Committee Chair</positionName>
            <address>
                <country>UNITED_STATES</country>
            </address>
            <electronicMailAddress>info@paleobiodb.org</electronicMailAddress>
            <onlineUrl>https://paleobiodb.org</onlineUrl>
        </metadataProvider>
        <associatedParty>
            <individualName>
                <givenName>Julian</givenName>
                <surName>Jenkins</surName>
            </individualName>
            <organizationName>Paleobiology Database</organizationName>
            <positionName>Geoinformaticist</positionName>
            <electronicMailAddress>admin@paleobiodb.org</electronicMailAddress>
            <onlineUrl>https://paleobiodb.org</onlineUrl>
            <role>POINT_OF_CONTACT</role>
        </associatedParty>
        <associatedParty>
            <individualName>
                <givenName>David</givenName>
                <surName>Bloom</surName>
            </individualName>
            <organizationName>VertNet</organizationName>
            <positionName>Coordinator</positionName>
            <address>
                <country>UNITED_STATES</country>
            </address>
            <electronicMailAddress>dbloom@vertnet.org</electronicMailAddress>
            <onlineUrl>http://www.vertnet.org</onlineUrl>
            <role>PROGRAMMER</role>
        </associatedParty>
        <associatedParty>
            <individualName>
                <givenName>John</givenName>
                <surName>Wieczorek</surName>
            </individualName>
            <organizationName>VertNet</organizationName>
            <positionName>Information Architect</positionName>
            <address>
                <country>UNITED_STATES</country>
            </address>
            <electronicMailAddress>tuco@berkeley.edu</electronicMailAddress>
            <role>PROGRAMMER</role>
        </associatedParty>
        <pubDate>
                2024-04-23
        </pubDate>
        <language>ENGLISH</language>
        <abstract>
            The Paleobiology Database (PBDB) is a non-governmental, non-profit public resource for paleontological data. It has been organized and operated by a multi-disciplinary, multi-institutional, international group of paleobiological researchers. Its purpose is to provide global, collection-based occurrence and taxonomic data for organisms of all geological ages, as well data services to allow easy access to data for independent development of analytical tools, visualization software, and applications of all types. The Database’s broader goal is to encourage and enable data-driven collaborative efforts that address large-scale paleobiological questions.
        </abstract>
        <keywordSet>
            <keyword>Occurrence</keyword>
            <keywordThesaurus>GBIF Dataset Type Vocabulary: http://rs.gbif.org/vocabulary/gbif/dataset_type.xml</keywordThesaurus>
        </keywordSet>
        <keywordSet>
            <keyword>Literature</keyword>
            <keywordThesaurus>GBIF Dataset Subtype Vocabulary: http://rs.gbif.org/vocabulary/gbif/dataset_subtype.xml</keywordThesaurus>
        </keywordSet>
        <keywordSet>
            <keyword>Occurrence</keyword>
            <keywordThesaurus>GBIF Dataset Type Vocabulary: http://rs.gbif.org/vocabulary/gbif/dataset_type_2015-07-10.xml</keywordThesaurus>
        </keywordSet>
        <additionalInfo>
            <para>https://creativecommons.org/licenses/by-nc/4.0/ and http://vertnet.org/resources/norms.html</para>
        </additionalInfo>
        <intellectualRights>
            <para>This work is licensed under a <ulink url="http://creativecommons.org/licenses/by/4.0/legalcode"><citetitle>Creative Commons Attribution (CC-BY) 4.0 License</citetitle></ulink>.</para>
        </intellectualRights>
        <licensed>
            <licenseName>Creative Commons Attribution 4.0 International</licenseName>
            <url>https://spdx.org/licenses/CC-BY-4.0.html</url>
            <identifier>CC-BY-4.0</identifier>
        </licensed>
        <distribution scope="document">
            <online>
                <url function="information">https://www.paleobiodb.org</url>
            </online>
        </distribution>
        <distribution scope="document">
            <online>
                <url function="download">https://ipt.vertnet.org/archive.do?r=pbdb_paleo</url>
            </online>
        </distribution>
        <coverage>
            <geographicCoverage>
                <geographicDescription>Collections in the Paleobiology Database are assigned present-day coordinates and geological ages. These two pieces of information are combined with paleogeographic rotation models to obtain reconstructed paleogeographic positions.</geographicDescription>
                <boundingCoordinates>
                    <westBoundingCoordinate>-180</westBoundingCoordinate>
                    <eastBoundingCoordinate>180</eastBoundingCoordinate>
                    <northBoundingCoordinate>90</northBoundingCoordinate>
                    <southBoundingCoordinate>-90</southBoundingCoordinate>
                </boundingCoordinates>
            </geographicCoverage>
            <taxonomicCoverage>
                <generalTaxonomicCoverage>Mollusca 33%
Brachiopoda 13%
Arthropoda 10%
Mammalia 8%
Cnidaria 5%
Radiolaria 4%
Foraminifera 3%
Bryozoa 2%
Echinodermata 2%</generalTaxonomicCoverage>
                <taxonomicClassification>
                    <taxonRankName>Phylum</taxonRankName>
                    <taxonRankValue>Mollusca</taxonRankValue>
                </taxonomicClassification>
                <taxonomicClassification>
                    <taxonRankName>Phylum</taxonRankName>
                    <taxonRankValue>Brachiopoda</taxonRankValue>
                </taxonomicClassification>
                <taxonomicClassification>
                    <taxonRankName>Phylum</taxonRankName>
                    <taxonRankValue>Arthropoda</taxonRankValue>
                </taxonomicClassification>
                <taxonomicClassification>
                    <taxonRankName>Class</taxonRankName>
                    <taxonRankValue>Mammalia</taxonRankValue>
                </taxonomicClassification>
                <taxonomicClassification>
                    <taxonRankName>Phylum</taxonRankName>
                    <taxonRankValue>Cnidaria</taxonRankValue>
                </taxonomicClassification>
                <taxonomicClassification>
                    <taxonRankName>Strain</taxonRankName>
                    <taxonRankValue>Radiolaria</taxonRankValue>
                </taxonomicClassification>
                <taxonomicClassification>
                    <taxonRankName>Phylum</taxonRankName>
                    <taxonRankValue>Foraminifera</taxonRankValue>
                </taxonomicClassification>
                <taxonomicClassification>
                    <taxonRankName>Phylum</taxonRankName>
                    <taxonRankValue>Bryozoa</taxonRankValue>
                </taxonomicClassification>
                <taxonomicClassification>
                    <taxonRankName>Phylum</taxonRankName>
                    <taxonRankValue>Echinodermata</taxonRankValue>
                </taxonomicClassification>
            </taxonomicCoverage>
        </coverage>
        <maintenance>
            <description>
                <para></para>
            </description>
            <maintenanceUpdateFrequency>biannually</maintenanceUpdateFrequency>
        </maintenance>
        <contact>
            <individualName>
                <givenName>Julian</givenName>
                <surName>Jenkins</surName>
            </individualName>
            <organizationName>Paleobiology Database</organizationName>
            <positionName>Geoinformaticist/Data Scientist</positionName>
            <address>
                <country>UNITED_STATES</country>
            </address>
            <electronicMailAddress>admin@paleobiodb.org</electronicMailAddress>
            <onlineUrl>https://paleobiodb.org</onlineUrl>
        </contact>
        <methods>
            <methodStep>
                <description>
                    <para>Data are extracted from the published literature on fossil organisms.</para>
                </description>
            </methodStep>
            <sampling>
                <studyExtent>
                    <description>
                        <para>Global</para>
                    </description>
                </studyExtent>
                <samplingDescription>
                    <para>Data are extracted from the published literature on fossil organisms.</para>
                </samplingDescription>
            </sampling>
        </methods>

            <project id="PBDB">
                <title>Paleobiology Database</title>
                <personnel>
                    <individualName>
                    <givenName>Julian</givenName>
                    <surName>Jenkins</surName>
                    </individualName>
                    <role>METADATA_AUTHOR</role>
                </personnel>
                <personnel>
                    <individualName>
                    <givenName>Mark</givenName>
                    <surName>Uhen</surName>
                    </individualName>
                    <role>PRINCIPAL_INVESTIGATOR</role>
                </personnel>
                <abstract>
                    <para>The Paleobiology Database is a public database of paleontological data that anyone can use, maintained by an international non-governmental group of paleontologists. You can explore the data online in the Navigator, which lets you filter fossil occurrences by time, space, and taxonomy, and displays their modern and paleogeographic locations; or you can download the data to your own computer to do your own analyses.</para>
                </abstract>
                <funding>
                    <para>ePANDDA (Enhancing Paleontological and Neontological Data Discovery API)

Interoperability between the PBDB, iDigBio, and iDigPaleo

NSF ICER 1540929 | ePANDDA on the STEPPE website

This project focuses on interactions between the PBDB and specimen-based databases, including iDigBio/iDigPaleo and individual museum collections.

The ePANDDA project will develop an application programming interface (API) to permit the exchange of data between three large, established, and well-supported databases: the Paleobiology Database, whose data are drawn from publications, and iDigBio and iDigPaleo, whose data are based on museum-held specimens. The new API, by enabling each of these databases to query the other two and synthesize the results, will allow data from all the included sources to be seamlessly accessed by users of any of them. For example, a paleontologist using the PBDB interface will be able to search a taxonomic name and receive not only a list of collection sites, but also a list of museum-held fossil and modern specimens of that taxon.


ELC (Earth-Life Consortium): Building Interoperable Cyberinfrastructure (CI) at the Interface between Paleogeoinformatics and Bioinformatics

Interoperability between the PBDB, Neotoma, Macrostrat, and six other databases

NSF ICER 1540997 | ELC project website | ELC on EarthCube

This project focuses on interactions between the PBDB and geography/environment-based databases, such as Neotoma and Macrostrat.

It will create a cyberinfrastructure for paleobiological sciences and a data exchange standard to facilitate data exchange between existing and future biological and geoscience databases. The existing databases being included in the project are the PBDB, Neotoma, Macrostrat, MioMap, the Mexican Quaternary Mammals Database, the South American Extinctions Database, and the regional nonmarine ostracode databases DAOD, NANODe, and NODE. An API and web services that serve as an interface between PBDB, Neotoma, and Macrostrat will be built, and the other databases listed will be incorporated into Neotoma by harmonizing their data structures. Extending the DarwinCore data exchange format to deal with paleobiological data and establishing a system of unique digital object identifiers (DOIs) for the collections and other objects in these databases will help to create a framework for the future sharing of data between biological and paleobiological databases.


Leveraging &quot;Big Data&quot; to Explore Big Ideas: Utilizing the Paleobiology Database to Provide Hands-on Research Opportunities for Undergraduates

Education curriculum development based on the PBDB

NSF DUE 1504718

Research experience for undergraduates in paleontology and data science, thanks to the public availability of the PBDB, is theoretically available to anyone at any school. However, making the interface easier to use and making lesson plans available will improve the usability of the database. This grant permits us to develop a new and more user-friendly interface for the PBDB and a library of lesson plans for undergraduate paleontology classes.

The research activities being designed as part of this project are being tested at several two-year and four-year colleges to assess their usefulness across a range of student populations and teaching modes, including both traditional classroom and distance learning. All of the lesson plans and tutorials are available on the Resources page.</para>
                </funding>
                <studyAreaDescription>
                    <descriptor name="generic" citableClassificationSystem="false">
                        <descriptorValue>Global</descriptorValue>
                    </descriptor>
                </studyAreaDescription>
            </project>
    </dataset>

    <additionalMetadata>
        <metadata>
            <gbif>
                <dateStamp>2025-08-01T12:43:40Z</dateStamp>
                <citation>McClennen M, Jenkins J, Uhen M (2024). Paleobiology Database. Version 1.3. Paleobiology Database. Occurrence dataset https://doi.org/10.15468/jfqhiu accessed via GBIF.org on 2025-08-01.</citation>
                <resourceLogoUrl>http://ipt.vertnet.org:8080/ipt/logo.do?r=pbdb_paleo</resourceLogoUrl>
            </gbif>
        </metadata>
    </additionalMetadata>
    </eml:eml>
