<?xml version="1.0" encoding="utf-8"?>
<eml:eml xmlns:eml="https://eml.ecoinformatics.org/eml-2.2.0" xmlns:xsi="http://www.w3.org/2001/XMLSchema-instance"
         xsi:schemaLocation="https://eml.ecoinformatics.org/eml-2.2.0 https://rs.gbif.org/schema/eml-gbif-profile/1.3/eml.xsd"
packageId="c0f41944-9e53-456d-8a34-d18a5c1edc33"  system="http://gbif.org" scope="system"
xml:lang="en">
    <dataset>
        <alternateIdentifier>10.15468/gswp9k</alternateIdentifier>
        <alternateIdentifier>301443</alternateIdentifier>
        <alternateIdentifier>FFA4D62EC573C327FF87FFA3B7149B57</alternateIdentifier>
        <title>A new genus of Oecobiinae (Araneae: Oecobiidae) from Iran and Central Asia</title>
        <creator>
            <individualName>
                <givenName>Alireza</givenName>
                <surName>Zamani</surName>
            </individualName>
        </creator>
        <creator>
            <individualName>
                <givenName>Yuri M.</givenName>
                <surName>Marusik</surName>
            </individualName>
        </creator>
        <creator>
            <individualName>
                <givenName>Alexander A.</givenName>
                <surName>Fomichev</surName>
            </individualName>
        </creator>
        <metadataProvider>
            <individualName>
                <surName>plazi</surName>
            </individualName>
            <organizationName>Plazi</organizationName>
        </metadataProvider>
        <associatedParty>
            <organizationName>Plazi</organizationName>
            <address>
                <city>Bern</city>
                <country>SWITZERLAND</country>
            </address>
            <electronicMailAddress>info@plazi.org</electronicMailAddress>
            <onlineUrl>https://plazi.org/</onlineUrl>
            <role>PUBLISHER</role>
        </associatedParty>
        <pubDate>
                2024-06-24
        </pubDate>
        <language>ENGLISH</language>
        <abstract>
            <para>This dataset contains the digitized treatments in Plazi based on the original journal article Zamani, Alireza, Marusik, Yuri M., Fomichev, Alexander A. (2024): A new genus of Oecobiinae (Araneae: Oecobiidae) from Iran and Central Asia. Journal of Natural History (J. Nat. Hist.) 58 (21 - 24): 737-749, DOI: 10.1080/00222933.2024.2357852, URL: http://dx.doi.org/10.1080/00222933.2024.2357852</para>
        </abstract>
        <intellectualRights>
            <para>To the extent possible under law, the publisher has waived all rights to these data and has dedicated them to the <ulink url="http://creativecommons.org/publicdomain/zero/1.0/legalcode"><citetitle>Public Domain (CC0 1.0)</citetitle></ulink>. Users may copy, modify, distribute and use the work, including for commercial purposes, without restriction.</para>
        </intellectualRights>
        <licensed>
            <licenseName>Creative Commons Zero v1.0 Universal</licenseName>
            <url>https://spdx.org/licenses/CC0-1.0.html</url>
            <identifier>CC0-1.0</identifier>
        </licensed>
        <distribution scope="document">
            <online>
                <url function="information">https://tb.plazi.org/GgServer/summary/FFA4D62EC573C327FF87FFA3B7149B57</url>
            </online>
        </distribution>
        <distribution scope="document">
            <online>
                <url function="download">https://tb.plazi.org/GgServer/dwca/FFA4D62EC573C327FF87FFA3B7149B57.zip</url>
            </online>
        </distribution>
        <contact>
            <individualName>
                <givenName>Guido</givenName>
                <surName>Sautter</surName>
            </individualName>
            <electronicMailAddress>sautter@plazi.org</electronicMailAddress>
            <onlineUrl>https://plazi.org</onlineUrl>
        </contact>

    </dataset>

    <additionalMetadata>
        <metadata>
            <gbif>
                <dateStamp>2025-08-01T12:43:41Z</dateStamp>
                <citation>Zamani A, Marusik Y M, Fomichev A A, plazi (2024). A new genus of Oecobiinae (Araneae: Oecobiidae) from Iran and Central Asia. Plazi.org taxonomic treatments database. Checklist dataset https://doi.org/10.15468/gswp9k accessed via GBIF.org on 2025-08-01.</citation>
                <bibliography>
                <citation>Zamani, Alireza, Marusik, Yuri M., Fomichev, Alexander A. (2024): A new genus of Oecobiinae (Araneae: Oecobiidae) from Iran and Central Asia. Journal of Natural History (J. Nat. Hist.) 58 (21 - 24): 737-749, DOI: 10.1080/00222933.2024.2357852, URL: http://dx.doi.org/10.1080/00222933.2024.2357852</citation>
                </bibliography>
            </gbif>
        </metadata>
    </additionalMetadata>
    </eml:eml>
