<?xml version="1.0" encoding="utf-8"?>
<eml:eml xmlns:eml="https://eml.ecoinformatics.org/eml-2.2.0" xmlns:xsi="http://www.w3.org/2001/XMLSchema-instance"
         xsi:schemaLocation="https://eml.ecoinformatics.org/eml-2.2.0 https://rs.gbif.org/schema/eml-gbif-profile/1.3/eml.xsd"
packageId="ee2ae0e8-2a06-4305-987e-e7e1fc97154a"  system="http://gbif.org" scope="system"
xml:lang="en">
    <dataset>
        <alternateIdentifier>10.5852/ejt.2016.214</alternateIdentifier>
        <alternateIdentifier>38390</alternateIdentifier>
        <alternateIdentifier>ee2ae0e8-2a06-4305-987e-e7e1fc97154a</alternateIdentifier>
        <alternateIdentifier>10.15468/d42dkp</alternateIdentifier>
        <alternateIdentifier>CA243C98-9461-441A-BBD9-ECBDEC103DD9</alternateIdentifier>
        <alternateIdentifier>FF832C7AE46DFFB2EF69D75CFFCEFFB1</alternateIdentifier>
        <title>A revision of the spider genus Zaitunia (Araneae, Filistatidae)</title>
        <creator>
            <individualName>
                <surName>Sergei Zonstein</surName>
            </individualName>
        </creator>
        <creator>
            <individualName>
                <surName>Yuri M. Marusik</surName>
            </individualName>
        </creator>
        <metadataProvider>
            <individualName>
                <surName>plazi</surName>
            </individualName>
            <organizationName>Plazi</organizationName>
        </metadataProvider>
        <associatedParty>
            <organizationName>Plazi</organizationName>
            <address>
                <city>Bern</city>
                <country>SWITZERLAND</country>
            </address>
            <electronicMailAddress>info@plazi.org</electronicMailAddress>
            <onlineUrl>https://plazi.org/</onlineUrl>
            <role>PUBLISHER</role>
        </associatedParty>
        <pubDate>
                2016-07-20
        </pubDate>
        <language>ENGLISH</language>
        <abstract>
            <para>This dataset contains the digitized treatments in Plazi based on the original journal article Sergei Zonstein, Yuri M. Marusik (2016): A revision of the spider genus Zaitunia (Araneae, Filistatidae). European Journal of Taxonomy 214: 1-97, DOI: 10.5852/ejt.2016.214</para>
        </abstract>
        <intellectualRights>
            <para>To the extent possible under law, the publisher has waived all rights to these data and has dedicated them to the <ulink url="http://creativecommons.org/publicdomain/zero/1.0/legalcode"><citetitle>Public Domain (CC0 1.0)</citetitle></ulink>. Users may copy, modify, distribute and use the work, including for commercial purposes, without restriction.</para>
        </intellectualRights>
        <licensed>
            <licenseName>Creative Commons Zero v1.0 Universal</licenseName>
            <url>https://spdx.org/licenses/CC0-1.0.html</url>
            <identifier>CC0-1.0</identifier>
        </licensed>
        <distribution scope="document">
            <online>
                <url function="information">https://tb.plazi.org/GgServer/summary/FF832C7AE46DFFB2EF69D75CFFCEFFB1</url>
            </online>
        </distribution>
        <distribution scope="document">
            <online>
                <url function="download">https://tb.plazi.org/GgServer/dwca/FF832C7AE46DFFB2EF69D75CFFCEFFB1.zip</url>
            </online>
        </distribution>
        <contact>
            <individualName>
                <givenName>Guido</givenName>
                <surName>Sautter</surName>
            </individualName>
            <electronicMailAddress>sautter@plazi.org</electronicMailAddress>
            <onlineUrl>https://plazi.org</onlineUrl>
        </contact>

    </dataset>

    <additionalMetadata>
        <metadata>
            <gbif>
                <dateStamp>2025-08-01T12:43:40Z</dateStamp>
                <citation>Sergei Zonstein, Yuri M. Marusik, plazi (2016). A revision of the spider genus Zaitunia (Araneae, Filistatidae). European Journal of Taxonomy. Checklist dataset https://doi.org/10.5852/ejt.2016.214 accessed via GBIF.org on 2025-08-01.</citation>
                <bibliography>
                <citation>Sergei Zonstein, Yuri M. Marusik (2016): A revision of the spider genus Zaitunia (Araneae, Filistatidae). European Journal of Taxonomy 214: 1-97, DOI: 10.5852/ejt.2016.214</citation>
                </bibliography>
            </gbif>
        </metadata>
    </additionalMetadata>
    </eml:eml>
