<?xml version="1.0" encoding="utf-8"?>
<eml:eml xmlns:eml="https://eml.ecoinformatics.org/eml-2.2.0" xmlns:xsi="http://www.w3.org/2001/XMLSchema-instance"
         xsi:schemaLocation="https://eml.ecoinformatics.org/eml-2.2.0 https://rs.gbif.org/schema/eml-gbif-profile/1.3/eml.xsd"
packageId="f333e1e5-7ffb-4b68-bcc1-d96f36cb6882"  system="http://gbif.org" scope="system"
xml:lang="en">
    <dataset>
        <alternateIdentifier>10.15468/j42x8m</alternateIdentifier>
        <alternateIdentifier>158620</alternateIdentifier>
        <alternateIdentifier>4675FF97FF954918FFF7350150541D7B</alternateIdentifier>
        <title>A survey of the East Palaearctic Gnaphosidae (Araneae). 12. A review of Sidydrassus Esyunin &amp; Tuneva, 2002</title>
        <creator>
            <individualName>
                <givenName>Alexander A.</givenName>
                <surName>Fomichev</surName>
            </individualName>
        </creator>
        <metadataProvider>
            <individualName>
                <surName>plazi</surName>
            </individualName>
            <organizationName>Plazi</organizationName>
        </metadataProvider>
        <associatedParty>
            <organizationName>Magnolia Press</organizationName>
            <address>
                <deliveryPoint>St. Lukes 1346</deliveryPoint>
                <city>Auckland</city>
                <country>NEW_ZEALAND</country>
            </address>
            <electronicMailAddress>magnolia@mapress.com</electronicMailAddress>
            <onlineUrl>https://www.mapress.com/</onlineUrl>
            <role>PUBLISHER</role>
        </associatedParty>
        <associatedParty>
            <organizationName>Plazi</organizationName>
            <address>
                <city>Bern</city>
                <country>SWITZERLAND</country>
            </address>
            <electronicMailAddress>info@plazi.org</electronicMailAddress>
            <onlineUrl>https://plazi.org/</onlineUrl>
            <role>DISTRIBUTOR</role>
        </associatedParty>
        <pubDate>
                2022-10-05
        </pubDate>
        <language>ENGLISH</language>
        <abstract>
            <para>This dataset contains the digitized treatments in Plazi based on the original journal article Fomichev, Alexander A. (2022): A survey of the East Palaearctic Gnaphosidae (Araneae). 12. A review of Sidydrassus Esyunin &amp; Tuneva, 2002. Zootaxa 5194 (2): 260-272, DOI: 10.11646/zootaxa.5194.2.7</para>
        </abstract>
        <intellectualRights>
            <para>To the extent possible under law, the publisher has waived all rights to these data and has dedicated them to the <ulink url="http://creativecommons.org/publicdomain/zero/1.0/legalcode"><citetitle>Public Domain (CC0 1.0)</citetitle></ulink>. Users may copy, modify, distribute and use the work, including for commercial purposes, without restriction.</para>
        </intellectualRights>
        <licensed>
            <licenseName>Creative Commons Zero v1.0 Universal</licenseName>
            <url>https://spdx.org/licenses/CC0-1.0.html</url>
            <identifier>CC0-1.0</identifier>
        </licensed>
        <distribution scope="document">
            <online>
                <url function="information">https://tb.plazi.org/GgServer/summary/4675FF97FF954918FFF7350150541D7B</url>
            </online>
        </distribution>
        <distribution scope="document">
            <online>
                <url function="download">https://tb.plazi.org/GgServer/dwca/4675FF97FF954918FFF7350150541D7B.zip</url>
            </online>
        </distribution>
        <contact>
            <individualName>
                <givenName>Guido</givenName>
                <surName>Sautter</surName>
            </individualName>
            <electronicMailAddress>sautter@plazi.org</electronicMailAddress>
            <onlineUrl>https://plazi.org</onlineUrl>
        </contact>

    </dataset>

    <additionalMetadata>
        <metadata>
            <gbif>
                <dateStamp>2025-08-01T12:43:40Z</dateStamp>
                <citation>Fomichev A A, plazi (2022). A survey of the East Palaearctic Gnaphosidae (Araneae). 12. A review of Sidydrassus Esyunin &amp; Tuneva, 2002. Plazi.org taxonomic treatments database. Checklist dataset https://doi.org/10.15468/j42x8m accessed via GBIF.org on 2025-08-01.</citation>
                <bibliography>
                <citation>Fomichev, Alexander A. (2022): A survey of the East Palaearctic Gnaphosidae (Araneae). 12. A review of Sidydrassus Esyunin &amp; Tuneva, 2002. Zootaxa 5194 (2): 260-272, DOI: 10.11646/zootaxa.5194.2.7</citation>
                </bibliography>
            </gbif>
        </metadata>
    </additionalMetadata>
    </eml:eml>
