<?xml version="1.0" encoding="utf-8"?>
<eml:eml xmlns:eml="https://eml.ecoinformatics.org/eml-2.2.0" xmlns:xsi="http://www.w3.org/2001/XMLSchema-instance"
         xsi:schemaLocation="https://eml.ecoinformatics.org/eml-2.2.0 https://rs.gbif.org/schema/eml-gbif-profile/1.3/eml.xsd"
packageId="f5380ee2-16c4-4ac9-b0c1-aa29fd8ab2da"  system="http://gbif.org" scope="system"
xml:lang="en">
    <dataset>
        <alternateIdentifier>10.11646/zootaxa.4758.2.7</alternateIdentifier>
        <alternateIdentifier>23215</alternateIdentifier>
        <alternateIdentifier>f5380ee2-16c4-4ac9-b0c1-aa29fd8ab2da</alternateIdentifier>
        <alternateIdentifier>10.15468/q9brbr</alternateIdentifier>
        <alternateIdentifier>67DC93AB-6665-4510-8F9B-6305507C9448</alternateIdentifier>
        <alternateIdentifier>FFC8A94BFFF73C4B6F2CFFEFFFE2FFDC</alternateIdentifier>
        <title>Notes on the spider genus Segestria Latreille, 1804 (Araneae: Segestriidae) in the East Palaearctic with description of three new species</title>
        <creator>
            <individualName>
                <givenName>Alexander A.</givenName>
                <surName>Fomichev</surName>
            </individualName>
        </creator>
        <creator>
            <individualName>
                <givenName>Yuri M.</givenName>
                <surName>Marusik</surName>
            </individualName>
        </creator>
        <metadataProvider>
            <individualName>
                <surName>plazi</surName>
            </individualName>
            <organizationName>Plazi</organizationName>
        </metadataProvider>
        <associatedParty>
            <organizationName>Magnolia Press</organizationName>
            <address>
                <deliveryPoint>St. Lukes 1346</deliveryPoint>
                <city>Auckland</city>
                <country>NEW_ZEALAND</country>
            </address>
            <electronicMailAddress>magnolia@mapress.com</electronicMailAddress>
            <onlineUrl>https://www.mapress.com/</onlineUrl>
            <role>PUBLISHER</role>
        </associatedParty>
        <associatedParty>
            <organizationName>Plazi</organizationName>
            <address>
                <city>Bern</city>
                <country>SWITZERLAND</country>
            </address>
            <electronicMailAddress>info@plazi.org</electronicMailAddress>
            <onlineUrl>https://plazi.org/</onlineUrl>
            <role>DISTRIBUTOR</role>
        </associatedParty>
        <pubDate>
                2020-03-30
        </pubDate>
        <language>ENGLISH</language>
        <abstract>
            <para>This dataset contains the digitized treatments in Plazi based on the original journal article Fomichev, Alexander A., Marusik, Yuri M. (2020): Notes on the spider genus Segestria Latreille, 1804 (Araneae: Segestriidae) in the East Palaearctic with description of three new species. Zootaxa 4758 (2): 330-346, DOI: 10.11646/zootaxa.4758.2.7</para>
        </abstract>
        <intellectualRights>
            <para>To the extent possible under law, the publisher has waived all rights to these data and has dedicated them to the <ulink url="http://creativecommons.org/publicdomain/zero/1.0/legalcode"><citetitle>Public Domain (CC0 1.0)</citetitle></ulink>. Users may copy, modify, distribute and use the work, including for commercial purposes, without restriction.</para>
        </intellectualRights>
        <licensed>
            <licenseName>Creative Commons Zero v1.0 Universal</licenseName>
            <url>https://spdx.org/licenses/CC0-1.0.html</url>
            <identifier>CC0-1.0</identifier>
        </licensed>
        <distribution scope="document">
            <online>
                <url function="information">https://tb.plazi.org/GgServer/summary/FFC8A94BFFF73C4B6F2CFFEFFFE2FFDC</url>
            </online>
        </distribution>
        <distribution scope="document">
            <online>
                <url function="download">https://tb.plazi.org/GgServer/dwca/FFC8A94BFFF73C4B6F2CFFEFFFE2FFDC.zip</url>
            </online>
        </distribution>
        <contact>
            <individualName>
                <givenName>Guido</givenName>
                <surName>Sautter</surName>
            </individualName>
            <electronicMailAddress>sautter@plazi.org</electronicMailAddress>
            <onlineUrl>https://plazi.org</onlineUrl>
        </contact>

    </dataset>

    <additionalMetadata>
        <metadata>
            <gbif>
                <dateStamp>2025-08-01T12:43:40Z</dateStamp>
                <citation>Fomichev A A, Marusik Y M, plazi (2020). Notes on the spider genus Segestria Latreille, 1804 (Araneae: Segestriidae) in the East Palaearctic with description of three new species. Plazi.org taxonomic treatments database. Checklist dataset https://doi.org/10.11646/zootaxa.4758.2.7 accessed via GBIF.org on 2025-08-01.</citation>
                <bibliography>
                <citation>Fomichev, Alexander A., Marusik, Yuri M. (2020): Notes on the spider genus Segestria Latreille, 1804 (Araneae: Segestriidae) in the East Palaearctic with description of three new species. Zootaxa 4758 (2): 330-346, DOI: 10.11646/zootaxa.4758.2.7</citation>
                </bibliography>
            </gbif>
        </metadata>
    </additionalMetadata>
    </eml:eml>
